Temperature,Density,VaporPressure,Viscosity
C,g/cm^3,kPa,mm^2/s
-50,,,
-40,0.78008,,5.0983
-30,0.77194,,3.7544
-20,0.76433,0.37,2.876
-10,0.75689,0.96,2.2514
0,0.7494,1.43,1.7466
10,0.74217,1.76,1.4599
20,0.73444,2.12,1.2459
30,0.72726,2.57,1.1493
40,,3.25,
50,,4.06,
60,,5.19,
70,,6.93,
80,,9.32,
90,,12.61,
100,,17.16,
110,,23.13,
120,,31.29,