Temperature,Density,VaporPressure,Viscosity,SurfaceTension,ThermalConductivity
C,g/cm^3,kPa,mm^2/s,N/m,W/m/K
-50,0.79867,,17.745,,
-40,0.7901,,8.1981,,
-30,0.78225,,5.6559,,
-20,0.77441,0.37,4.1397,,
-10,0.76662,0.96,3.1371,,
0,0.75716,1.43,2.4042,,
10,0.74983,1.76,1.9633,,
20,0.74467,2.12,1.6429,,
30,0.73974,2.57,1.4027,,
40,0.73245,3.25,1.2165,,
50,0.72533,4.06,1.0669,,
60,,5.19,1.0202,,
70,,6.93,,,
80,,9.32,,,
90,,12.61,,,
100,,17.16,,,
110,,23.13,,,
120,,31.29,,,